1	(Fault_H.msgFromLookupFailure (Fault_H.lookup_failure.GuardMismatch (3 :: nat) (0 :: 64 word) (3 :: nat)) :: (64 word) list)
2	(Fault_H.msgFromLookupFailure (Fault_H.lookup_failure.DepthMismatch (12 :: nat) (1 :: nat)) :: (64 word) list)
3	(Fault_H.msgFromLookupFailure (Fault_H.lookup_failure.InvalidRoot) :: (64 word) list)
4	(Fault_H.msgFromLookupFailure (Fault_H.lookup_failure.DepthMismatch (5 :: nat) (31 :: nat)) :: (64 word) list)
5	(Fault_H.msgFromLookupFailure (Fault_H.lookup_failure.DepthMismatch (63 :: nat) (5 :: nat)) :: (64 word) list)
6	(Fault_H.msgFromLookupFailure (Fault_H.lookup_failure.MissingCapability (31 :: nat)) :: (64 word) list)
7	(Fault_H.msgFromSyscallError (Fault_H.syscall_error.InvalidArgument (8 :: nat)) :: (64 word \<times> (64 word) list))
8	(Fault_H.msgFromSyscallError (Fault_H.syscall_error.DeleteFirst) :: (64 word \<times> (64 word) list))
9	(Fault_H.msgFromSyscallError (Fault_H.syscall_error.AlignmentError) :: (64 word \<times> (64 word) list))
10	(Fault_H.msgFromSyscallError (Fault_H.syscall_error.RevokeFirst) :: (64 word \<times> (64 word) list))
11	(Fault_H.msgFromSyscallError (Fault_H.syscall_error.DeleteFirst) :: (64 word \<times> (64 word) list))
12	(Fault_H.msgFromSyscallError (Fault_H.syscall_error.InvalidCapability (63 :: nat)) :: (64 word \<times> (64 word) list))
13	(Invocations_H.invocationType (7 :: 64 word) :: invocation_label)
14	(Invocations_H.invocationType (18446744073709551615 :: 64 word) :: invocation_label)
15	(Invocations_H.invocationType (0 :: 64 word) :: invocation_label)
16	(Invocations_H.invocationType (2 :: 64 word) :: invocation_label)
17	(Invocations_H.invocationType (0 :: 64 word) :: invocation_label)
18	(Invocations_H.invocationType (8837434004073419807 :: 64 word) :: invocation_label)
19	(Invocations_H.genInvocationType (2 :: 64 word) :: gen_invocation_labels)
20	(Invocations_H.genInvocationType (1 :: 64 word) :: gen_invocation_labels)
21	(Invocations_H.genInvocationType (12491875293972162987 :: 64 word) :: gen_invocation_labels)
22	(Invocations_H.genInvocationType (9223372036854775808 :: 64 word) :: gen_invocation_labels)
23	(Invocations_H.genInvocationType (2 :: 64 word) :: gen_invocation_labels)
24	(Invocations_H.genInvocationType (0 :: 64 word) :: gen_invocation_labels)
25	(ArchTypes_H.RISCV64_H.getObjectSize (ArchTypes_H.RISCV64_H.object_type.HugePageObject) (1 :: nat) :: nat)
26	(ArchTypes_H.RISCV64_H.getObjectSize (ArchTypes_H.RISCV64_H.object_type.HugePageObject) (2 :: nat) :: nat)
27	(ArchTypes_H.RISCV64_H.getObjectSize (ArchTypes_H.RISCV64_H.object_type.PageTableObject) (3 :: nat) :: nat)
28	(ArchTypes_H.RISCV64_H.getObjectSize (ArchTypes_H.RISCV64_H.object_type.SmallPageObject) (8 :: nat) :: nat)
29	(ArchTypes_H.RISCV64_H.getObjectSize (ArchTypes_H.RISCV64_H.object_type.PageTableObject) (31 :: nat) :: nat)
30	(ArchTypes_H.RISCV64_H.getObjectSize (ArchTypes_H.RISCV64_H.object_type.PageTableObject) (3 :: nat) :: nat)
31	(ArchTypes_H.RISCV64_H.fromAPIType (ArchTypes_H.apiobject_type.TCBObject) :: object_type)
32	(ArchTypes_H.RISCV64_H.fromAPIType (ArchTypes_H.apiobject_type.TCBObject) :: object_type)
33	(ArchTypes_H.RISCV64_H.fromAPIType (ArchTypes_H.apiobject_type.NotificationObject) :: object_type)
34	(ArchTypes_H.RISCV64_H.fromAPIType (ArchTypes_H.apiobject_type.CapTableObject) :: object_type)
35	(ArchTypes_H.RISCV64_H.fromAPIType (ArchTypes_H.apiobject_type.NotificationObject) :: object_type)
36	(ArchTypes_H.RISCV64_H.fromAPIType (ArchTypes_H.apiobject_type.CapTableObject) :: object_type)
37	(ArchTypes_H.RISCV64_H.toAPIType (ArchTypes_H.RISCV64_H.object_type.APIObjectType (ArchTypes_H.apiobject_type.CapTableObject)) :: (apiobject_type) option)
38	(ArchTypes_H.RISCV64_H.toAPIType (ArchTypes_H.RISCV64_H.object_type.APIObjectType (ArchTypes_H.apiobject_type.EndpointObject)) :: (apiobject_type) option)
39	(ArchTypes_H.RISCV64_H.toAPIType (ArchTypes_H.RISCV64_H.object_type.APIObjectType (ArchTypes_H.apiobject_type.NotificationObject)) :: (apiobject_type) option)
40	(ArchTypes_H.RISCV64_H.toAPIType (ArchTypes_H.RISCV64_H.object_type.APIObjectType (ArchTypes_H.apiobject_type.Untyped)) :: (apiobject_type) option)
41	(ArchTypes_H.RISCV64_H.toAPIType (ArchTypes_H.RISCV64_H.object_type.APIObjectType (ArchTypes_H.apiobject_type.CapTableObject)) :: (apiobject_type) option)
42	(ArchTypes_H.RISCV64_H.toAPIType (ArchTypes_H.RISCV64_H.object_type.PageTableObject) :: (apiobject_type) option)
43	(ArchTypes_H.RISCV64_H.isFrameType (ArchTypes_H.RISCV64_H.object_type.SmallPageObject) :: bool)
44	(ArchTypes_H.RISCV64_H.isFrameType (ArchTypes_H.RISCV64_H.object_type.LargePageObject) :: bool)
45	(ArchTypes_H.RISCV64_H.isFrameType (ArchTypes_H.RISCV64_H.object_type.HugePageObject) :: bool)
46	(ArchTypes_H.RISCV64_H.isFrameType (ArchTypes_H.RISCV64_H.object_type.SmallPageObject) :: bool)
47	(ArchTypes_H.RISCV64_H.isFrameType (ArchTypes_H.RISCV64_H.object_type.LargePageObject) :: bool)
48	(ArchTypes_H.RISCV64_H.isFrameType (ArchTypes_H.RISCV64_H.object_type.APIObjectType (ArchTypes_H.apiobject_type.EndpointObject)) :: bool)
49	(Types_H.andCapRights (Types_H.cap_rights.CapRights True True True True) (Types_H.cap_rights.CapRights False True True True) :: cap_rights)
50	(Types_H.andCapRights (Types_H.cap_rights.CapRights True True False True) (Types_H.cap_rights.CapRights True True True True) :: cap_rights)
51	(Types_H.andCapRights (Types_H.cap_rights.CapRights False True True False) (Types_H.cap_rights.CapRights True False False True) :: cap_rights)
52	(Types_H.andCapRights (Types_H.cap_rights.CapRights False False True False) (Types_H.cap_rights.CapRights True False True False) :: cap_rights)
53	(Types_H.andCapRights (Types_H.cap_rights.CapRights False False False False) (Types_H.cap_rights.CapRights True True False False) :: cap_rights)
54	(Types_H.andCapRights (Types_H.cap_rights.CapRights True True False False) (Types_H.cap_rights.CapRights True True False False) :: cap_rights)
55	(Types_H.rightsFromWord (9223372036854775808 :: 64 word) :: cap_rights)
56	(Types_H.rightsFromWord (2872394506345289373 :: 64 word) :: cap_rights)
57	(Types_H.rightsFromWord (0 :: 64 word) :: cap_rights)
58	(Types_H.rightsFromWord (2 :: 64 word) :: cap_rights)
59	(Types_H.rightsFromWord (9223372036854775808 :: 64 word) :: cap_rights)
60	(Types_H.rightsFromWord (7 :: 64 word) :: cap_rights)
61	(Types_H.wordFromRights (Types_H.cap_rights.CapRights True True True True) :: 64 word)
62	(Types_H.wordFromRights (Types_H.cap_rights.CapRights True True True True) :: 64 word)
63	(Types_H.wordFromRights (Types_H.cap_rights.CapRights True True False True) :: 64 word)
64	(Types_H.wordFromRights (Types_H.cap_rights.CapRights False False True True) :: 64 word)
65	(Types_H.wordFromRights (Types_H.cap_rights.CapRights False True True False) :: 64 word)
66	(Types_H.wordFromRights (Types_H.cap_rights.CapRights False True False False) :: 64 word)
67	(Types_H.messageInfoFromWord (18446744073709551615 :: 64 word) :: message_info)
68	(Types_H.messageInfoFromWord (8557869880737888495 :: 64 word) :: message_info)
69	(Types_H.messageInfoFromWord (15771961084932977449 :: 64 word) :: message_info)
70	(Types_H.messageInfoFromWord (2 :: 64 word) :: message_info)
71	(Types_H.messageInfoFromWord (18446744073709551615 :: 64 word) :: message_info)
72	(Types_H.messageInfoFromWord (2 :: 64 word) :: message_info)
73	(Types_H.wordFromMessageInfo (Types_H.message_info.MI (1 :: 64 word) (6781704140997882399 :: 64 word) (1 :: 64 word) (1 :: 64 word)) :: 64 word)
74	(Types_H.wordFromMessageInfo (Types_H.message_info.MI (3743209414099974862 :: 64 word) (18446744073709551615 :: 64 word) (15118712896221991143 :: 64 word) (7 :: 64 word)) :: 64 word)
75	(Types_H.wordFromMessageInfo (Types_H.message_info.MI (1 :: 64 word) (9223372036854775808 :: 64 word) (7 :: 64 word) (1 :: 64 word)) :: 64 word)
76	(Types_H.wordFromMessageInfo (Types_H.message_info.MI (9223372036854775808 :: 64 word) (0 :: 64 word) (7 :: 64 word) (9223372036854775808 :: 64 word)) :: 64 word)
77	(Types_H.wordFromMessageInfo (Types_H.message_info.MI (4226431011039801856 :: 64 word) (1 :: 64 word) (2 :: 64 word) (1 :: 64 word)) :: 64 word)
78	(Types_H.wordFromMessageInfo (Types_H.message_info.MI (18446744073709551615 :: 64 word) (2 :: 64 word) (9223372036854775808 :: 64 word) (1 :: 64 word)) :: 64 word)
79	(Types_H.ptrFromPAddrRegion ((0 :: 64 word), (2 :: 64 word)) :: (64 word \<times> 64 word))
80	(Types_H.ptrFromPAddrRegion ((9223372036854775808 :: 64 word), (0 :: 64 word)) :: (64 word \<times> 64 word))
81	(Types_H.ptrFromPAddrRegion ((18446744073709551615 :: 64 word), (0 :: 64 word)) :: (64 word \<times> 64 word))
82	(Types_H.ptrFromPAddrRegion ((1 :: 64 word), (18446744073709551615 :: 64 word)) :: (64 word \<times> 64 word))
83	(Types_H.ptrFromPAddrRegion ((18446744073709551615 :: 64 word), (1 :: 64 word)) :: (64 word \<times> 64 word))
84	(Types_H.ptrFromPAddrRegion ((0 :: 64 word), (8860385287354296225 :: 64 word)) :: (64 word \<times> 64 word))
85	(ArchTypes_H.RISCV64_H.fromAPIType (ArchTypes_H.apiobject_type.EndpointObject) :: object_type)
86	(ArchTypes_H.RISCV64_H.fromAPIType (ArchTypes_H.apiobject_type.TCBObject) :: object_type)
87	(ArchTypes_H.RISCV64_H.fromAPIType (ArchTypes_H.apiobject_type.Untyped) :: object_type)
88	(ArchTypes_H.RISCV64_H.fromAPIType (ArchTypes_H.apiobject_type.EndpointObject) :: object_type)
89	(ArchTypes_H.RISCV64_H.fromAPIType (ArchTypes_H.apiobject_type.Untyped) :: object_type)
90	(ArchTypes_H.RISCV64_H.fromAPIType (ArchTypes_H.apiobject_type.TCBObject) :: object_type)
91	(ArchTypes_H.RISCV64_H.toAPIType (ArchTypes_H.RISCV64_H.object_type.SmallPageObject) :: (apiobject_type) option)
92	(ArchTypes_H.RISCV64_H.toAPIType (ArchTypes_H.RISCV64_H.object_type.LargePageObject) :: (apiobject_type) option)
93	(ArchTypes_H.RISCV64_H.toAPIType (ArchTypes_H.RISCV64_H.object_type.HugePageObject) :: (apiobject_type) option)
94	(ArchTypes_H.RISCV64_H.toAPIType (ArchTypes_H.RISCV64_H.object_type.LargePageObject) :: (apiobject_type) option)
95	(ArchTypes_H.RISCV64_H.toAPIType (ArchTypes_H.RISCV64_H.object_type.SmallPageObject) :: (apiobject_type) option)
96	(ArchTypes_H.RISCV64_H.toAPIType (ArchTypes_H.RISCV64_H.object_type.HugePageObject) :: (apiobject_type) option)
97	(ArchTypes_H.RISCV64_H.apiGetObjectSize (ArchTypes_H.apiobject_type.CapTableObject) (3 :: nat) :: nat)
98	(ArchTypes_H.RISCV64_H.apiGetObjectSize (ArchTypes_H.apiobject_type.EndpointObject) (5 :: nat) :: nat)
99	(ArchTypes_H.RISCV64_H.apiGetObjectSize (ArchTypes_H.apiobject_type.CapTableObject) (63 :: nat) :: nat)
100	(ArchTypes_H.RISCV64_H.apiGetObjectSize (ArchTypes_H.apiobject_type.TCBObject) (3 :: nat) :: nat)
101	(ArchTypes_H.RISCV64_H.apiGetObjectSize (ArchTypes_H.apiobject_type.CapTableObject) (8 :: nat) :: nat)
102	(ArchTypes_H.RISCV64_H.apiGetObjectSize (ArchTypes_H.apiobject_type.NotificationObject) (0 :: nat) :: nat)
103	(ArchTypes_H.RISCV64_H.getObjectSize (ArchTypes_H.RISCV64_H.object_type.PageTableObject) (63 :: nat) :: nat)
104	(ArchTypes_H.RISCV64_H.getObjectSize (ArchTypes_H.RISCV64_H.object_type.SmallPageObject) (12 :: nat) :: nat)
105	(ArchTypes_H.RISCV64_H.getObjectSize (ArchTypes_H.RISCV64_H.object_type.HugePageObject) (8 :: nat) :: nat)
106	(ArchTypes_H.RISCV64_H.getObjectSize (ArchTypes_H.RISCV64_H.object_type.LargePageObject) (0 :: nat) :: nat)
107	(ArchTypes_H.RISCV64_H.getObjectSize (ArchTypes_H.RISCV64_H.object_type.APIObjectType (ArchTypes_H.apiobject_type.EndpointObject)) (0 :: nat) :: nat)
108	(ArchTypes_H.RISCV64_H.getObjectSize (ArchTypes_H.RISCV64_H.object_type.LargePageObject) (12 :: nat) :: nat)
109	(ArchTypes_H.RISCV64_H.isFrameType (ArchTypes_H.RISCV64_H.object_type.HugePageObject) :: bool)
110	(ArchTypes_H.RISCV64_H.isFrameType (ArchTypes_H.RISCV64_H.object_type.SmallPageObject) :: bool)
111	(ArchTypes_H.RISCV64_H.isFrameType (ArchTypes_H.RISCV64_H.object_type.LargePageObject) :: bool)
112	(ArchTypes_H.RISCV64_H.isFrameType (ArchTypes_H.RISCV64_H.object_type.SmallPageObject) :: bool)
113	(ArchTypes_H.RISCV64_H.isFrameType (ArchTypes_H.RISCV64_H.object_type.LargePageObject) :: bool)
114	(ArchTypes_H.RISCV64_H.isFrameType (ArchTypes_H.RISCV64_H.object_type.SmallPageObject) :: bool)
115	(ThreadDecls_H.invertL1Index (31 :: nat) :: nat)
116	(ThreadDecls_H.invertL1Index (31 :: nat) :: nat)
117	(ThreadDecls_H.invertL1Index (5 :: nat) :: nat)
118	(ThreadDecls_H.invertL1Index (12 :: nat) :: nat)
119	(ThreadDecls_H.invertL1Index (8 :: nat) :: nat)
120	(ThreadDecls_H.invertL1Index (2 :: nat) :: nat)
121	(ThreadDecls_H.prioToL1Index (255 :: 8 word) :: nat)
122	(ThreadDecls_H.prioToL1Index (1 :: 8 word) :: nat)
123	(ThreadDecls_H.prioToL1Index (2 :: 8 word) :: nat)
124	(ThreadDecls_H.prioToL1Index (7 :: 8 word) :: nat)
125	(ThreadDecls_H.prioToL1Index (2 :: 8 word) :: nat)
126	(ThreadDecls_H.prioToL1Index (128 :: 8 word) :: nat)
127	(ThreadDecls_H.l1IndexToPrio (0 :: nat) :: 8 word)
128	(ThreadDecls_H.l1IndexToPrio (1 :: nat) :: 8 word)
129	(ThreadDecls_H.l1IndexToPrio (12 :: nat) :: 8 word)
130	(ThreadDecls_H.l1IndexToPrio (31 :: nat) :: 8 word)
131	(ThreadDecls_H.l1IndexToPrio (0 :: nat) :: 8 word)
132	(ThreadDecls_H.l1IndexToPrio (8 :: nat) :: 8 word)
133	(ArchVSpaceDecls_H.RISCV64_H.isValidVTableRoot (Structures_H.capability.ThreadCap (4096 :: 64 word)) :: bool)
134	(ArchVSpaceDecls_H.RISCV64_H.isValidVTableRoot (Structures_H.capability.EndpointCap (18446743798831648768 :: 64 word) (8396814629979256605 :: 64 word) True True True True) :: bool)
135	(ArchVSpaceDecls_H.RISCV64_H.isValidVTableRoot (Structures_H.capability.ReplyCap (4096 :: 64 word) False False) :: bool)
136	(ArchVSpaceDecls_H.RISCV64_H.isValidVTableRoot (Structures_H.capability.NotificationCap (11357795504435716725 :: 64 word) (7 :: 64 word) True False) :: bool)
137	(ArchVSpaceDecls_H.RISCV64_H.isValidVTableRoot (Structures_H.capability.DomainCap) :: bool)
138	(ArchVSpaceDecls_H.RISCV64_H.isValidVTableRoot (Structures_H.capability.NullCap) :: bool)
139	(ArchVSpaceDecls_H.RISCV64_H.ptBitsLeft (63 :: nat) :: nat)
140	(ArchVSpaceDecls_H.RISCV64_H.ptBitsLeft (12 :: nat) :: nat)
141	(ArchVSpaceDecls_H.RISCV64_H.ptBitsLeft (1 :: nat) :: nat)
142	(ArchVSpaceDecls_H.RISCV64_H.ptBitsLeft (12 :: nat) :: nat)
143	(ArchVSpaceDecls_H.RISCV64_H.ptBitsLeft (5 :: nat) :: nat)
144	(ArchVSpaceDecls_H.RISCV64_H.ptBitsLeft (8 :: nat) :: nat)
145	(ArchVSpaceDecls_H.RISCV64_H.ptIndex (12 :: nat) (9223372036854775808 :: 64 word) :: 64 word)
146	(ArchVSpaceDecls_H.RISCV64_H.ptIndex (1 :: nat) (7 :: 64 word) :: 64 word)
147	(ArchVSpaceDecls_H.RISCV64_H.ptIndex (8 :: nat) (1 :: 64 word) :: 64 word)
148	(ArchVSpaceDecls_H.RISCV64_H.ptIndex (12 :: nat) (0 :: 64 word) :: 64 word)
149	(ArchVSpaceDecls_H.RISCV64_H.ptIndex (3 :: nat) (18446744073709551615 :: 64 word) :: 64 word)
150	(ArchVSpaceDecls_H.RISCV64_H.ptIndex (8 :: nat) (8755164007601772092 :: 64 word) :: 64 word)
151	(ArchVSpaceDecls_H.RISCV64_H.ptSlotIndex (2 :: nat) (0 :: 64 word) (7 :: 64 word) :: 64 word)
152	(ArchVSpaceDecls_H.RISCV64_H.ptSlotIndex (0 :: nat) (4096 :: 64 word) (1 :: 64 word) :: 64 word)
153	(ArchVSpaceDecls_H.RISCV64_H.ptSlotIndex (2 :: nat) (7953063811814215960 :: 64 word) (1 :: 64 word) :: 64 word)
154	(ArchVSpaceDecls_H.RISCV64_H.ptSlotIndex (5 :: nat) (6966882839995559656 :: 64 word) (1 :: 64 word) :: 64 word)
155	(ArchVSpaceDecls_H.RISCV64_H.ptSlotIndex (3 :: nat) (0 :: 64 word) (11457940526213730888 :: 64 word) :: 64 word)
156	(ArchVSpaceDecls_H.RISCV64_H.ptSlotIndex (63 :: nat) (18446743798831648768 :: 64 word) (1 :: 64 word) :: 64 word)
157	(ArchVSpaceDecls_H.RISCV64_H.isValidVTableRoot (Structures_H.capability.Zombie (18446743798831648768 :: 64 word) (Structures_H.zombie_type.ZombieCNode (31 :: nat)) (12 :: nat)) :: bool)
158	(ArchVSpaceDecls_H.RISCV64_H.isValidVTableRoot (Structures_H.capability.NotificationCap (4096 :: 64 word) (15531181880376575917 :: 64 word) False True) :: bool)
159	(ArchVSpaceDecls_H.RISCV64_H.isValidVTableRoot (Structures_H.capability.CNodeCap (4096 :: 64 word) (8 :: nat) (7 :: 64 word) (0 :: nat)) :: bool)
160	(ArchVSpaceDecls_H.RISCV64_H.isValidVTableRoot (Structures_H.capability.Zombie (18446743798831648768 :: 64 word) (Structures_H.zombie_type.ZombieTCB) (8 :: nat)) :: bool)
161	(ArchVSpaceDecls_H.RISCV64_H.isValidVTableRoot (Structures_H.capability.NotificationCap (0 :: 64 word) (7 :: 64 word) True True) :: bool)
162	(ArchVSpaceDecls_H.RISCV64_H.isValidVTableRoot (Structures_H.capability.UntypedCap True (3719802708160397093 :: 64 word) (63 :: nat) (63 :: nat)) :: bool)
163	(ArchVSpaceDecls_H.RISCV64_H.maskVMRights (Hardware_H.RISCV64_H.vmrights.VMKernelOnly) (Types_H.cap_rights.CapRights False False True False) :: vmrights)
164	(ArchVSpaceDecls_H.RISCV64_H.maskVMRights (Hardware_H.RISCV64_H.vmrights.VMReadOnly) (Types_H.cap_rights.CapRights True False True False) :: vmrights)
165	(ArchVSpaceDecls_H.RISCV64_H.maskVMRights (Hardware_H.RISCV64_H.vmrights.VMReadWrite) (Types_H.cap_rights.CapRights False True True False) :: vmrights)
166	(ArchVSpaceDecls_H.RISCV64_H.maskVMRights (Hardware_H.RISCV64_H.vmrights.VMKernelOnly) (Types_H.cap_rights.CapRights False False True True) :: vmrights)
167	(ArchVSpaceDecls_H.RISCV64_H.maskVMRights (Hardware_H.RISCV64_H.vmrights.VMKernelOnly) (Types_H.cap_rights.CapRights True False True True) :: vmrights)
168	(ArchVSpaceDecls_H.RISCV64_H.maskVMRights (Hardware_H.RISCV64_H.vmrights.VMReadOnly) (Types_H.cap_rights.CapRights False True False False) :: vmrights)
169	(ArchVSpaceDecls_H.RISCV64_H.attribsFromWord (17884116492589374499 :: 64 word) :: bool)
170	(ArchVSpaceDecls_H.RISCV64_H.attribsFromWord (18446744073709551615 :: 64 word) :: bool)
171	(ArchVSpaceDecls_H.RISCV64_H.attribsFromWord (9223372036854775808 :: 64 word) :: bool)
172	(ArchVSpaceDecls_H.RISCV64_H.attribsFromWord (9223372036854775808 :: 64 word) :: bool)
173	(ArchVSpaceDecls_H.RISCV64_H.attribsFromWord (18446744073709551615 :: 64 word) :: bool)
174	(ArchVSpaceDecls_H.RISCV64_H.attribsFromWord (9223372036854775808 :: 64 word) :: bool)
175	(MachineTypes.RISCV64.vmFaultTypeFSR (MachineTypes.RISCV64.vmfault_type.RISCVInstructionPageFault) :: 64 word)
176	(MachineTypes.RISCV64.vmFaultTypeFSR (MachineTypes.RISCV64.vmfault_type.RISCVStoreAccessFault) :: 64 word)
177	(MachineTypes.RISCV64.vmFaultTypeFSR (MachineTypes.RISCV64.vmfault_type.RISCVLoadPageFault) :: 64 word)
178	(MachineTypes.RISCV64.vmFaultTypeFSR (MachineTypes.RISCV64.vmfault_type.RISCVInstructionPageFault) :: 64 word)
179	(MachineTypes.RISCV64.vmFaultTypeFSR (MachineTypes.RISCV64.vmfault_type.RISCVStorePageFault) :: 64 word)
180	(MachineTypes.RISCV64.vmFaultTypeFSR (MachineTypes.RISCV64.vmfault_type.RISCVStoreAccessFault) :: 64 word)
181	(Hardware_H.RISCV64_H.fromPAddr (5570928653271953894 :: 64 word) :: 64 word)
182	(Hardware_H.RISCV64_H.fromPAddr (2 :: 64 word) :: 64 word)
183	(Hardware_H.RISCV64_H.fromPAddr (18446744073709551615 :: 64 word) :: 64 word)
184	(Hardware_H.RISCV64_H.fromPAddr (9223372036854775808 :: 64 word) :: 64 word)
185	(Hardware_H.RISCV64_H.fromPAddr (7 :: 64 word) :: 64 word)
186	(Hardware_H.RISCV64_H.fromPAddr (1 :: 64 word) :: 64 word)
187	(MachineTypes.RISCV64.pageBitsForSize (MachineTypes.RISCV64.vmpage_size.RISCVLargePage) :: nat)
188	(MachineTypes.RISCV64.pageBitsForSize (MachineTypes.RISCV64.vmpage_size.RISCVHugePage) :: nat)
189	(MachineTypes.RISCV64.pageBitsForSize (MachineTypes.RISCV64.vmpage_size.RISCVHugePage) :: nat)
190	(MachineTypes.RISCV64.pageBitsForSize (MachineTypes.RISCV64.vmpage_size.RISCVLargePage) :: nat)
191	(MachineTypes.RISCV64.pageBitsForSize (MachineTypes.RISCV64.vmpage_size.RISCVHugePage) :: nat)
192	(MachineTypes.RISCV64.pageBitsForSize (MachineTypes.RISCV64.vmpage_size.RISCVLargePage) :: nat)
193	(Hardware_H.RISCV64_H.vmRightsToBits (Hardware_H.RISCV64_H.vmrights.VMKernelOnly) :: 64 word)
194	(Hardware_H.RISCV64_H.vmRightsToBits (Hardware_H.RISCV64_H.vmrights.VMKernelOnly) :: 64 word)
195	(Hardware_H.RISCV64_H.vmRightsToBits (Hardware_H.RISCV64_H.vmrights.VMReadOnly) :: 64 word)
196	(Hardware_H.RISCV64_H.vmRightsToBits (Hardware_H.RISCV64_H.vmrights.VMKernelOnly) :: 64 word)
197	(Hardware_H.RISCV64_H.vmRightsToBits (Hardware_H.RISCV64_H.vmrights.VMReadWrite) :: 64 word)
198	(Hardware_H.RISCV64_H.vmRightsToBits (Hardware_H.RISCV64_H.vmrights.VMReadWrite) :: 64 word)
199	(Hardware_H.RISCV64_H.allowWrite (Hardware_H.RISCV64_H.vmrights.VMKernelOnly) :: bool)
200	(Hardware_H.RISCV64_H.allowWrite (Hardware_H.RISCV64_H.vmrights.VMReadWrite) :: bool)
201	(Hardware_H.RISCV64_H.allowWrite (Hardware_H.RISCV64_H.vmrights.VMKernelOnly) :: bool)
202	(Hardware_H.RISCV64_H.allowWrite (Hardware_H.RISCV64_H.vmrights.VMKernelOnly) :: bool)
203	(Hardware_H.RISCV64_H.allowWrite (Hardware_H.RISCV64_H.vmrights.VMReadOnly) :: bool)
204	(Hardware_H.RISCV64_H.allowWrite (Hardware_H.RISCV64_H.vmrights.VMReadOnly) :: bool)
205	(Hardware_H.RISCV64_H.allowRead (Hardware_H.RISCV64_H.vmrights.VMReadOnly) :: bool)
206	(Hardware_H.RISCV64_H.allowRead (Hardware_H.RISCV64_H.vmrights.VMReadOnly) :: bool)
207	(Hardware_H.RISCV64_H.allowRead (Hardware_H.RISCV64_H.vmrights.VMReadWrite) :: bool)
208	(Hardware_H.RISCV64_H.allowRead (Hardware_H.RISCV64_H.vmrights.VMKernelOnly) :: bool)
209	(Hardware_H.RISCV64_H.allowRead (Hardware_H.RISCV64_H.vmrights.VMKernelOnly) :: bool)
210	(Hardware_H.RISCV64_H.allowRead (Hardware_H.RISCV64_H.vmrights.VMReadOnly) :: bool)
211	(Hardware_H.RISCV64_H.getVMRights False False :: vmrights)
212	(Hardware_H.RISCV64_H.getVMRights False False :: vmrights)
213	(Hardware_H.RISCV64_H.getVMRights False False :: vmrights)
214	(Hardware_H.RISCV64_H.getVMRights False False :: vmrights)
215	(Hardware_H.RISCV64_H.getVMRights True True :: vmrights)
216	(Hardware_H.RISCV64_H.getVMRights False False :: vmrights)
217	(Hardware_H.RISCV64_H.vmRightsFromBits (9223372036854775808 :: 64 word) :: vmrights)
218	(Hardware_H.RISCV64_H.vmRightsFromBits (13762821540780960100 :: 64 word) :: vmrights)
219	(Hardware_H.RISCV64_H.vmRightsFromBits (2 :: 64 word) :: vmrights)
220	(Hardware_H.RISCV64_H.vmRightsFromBits (9223372036854775808 :: 64 word) :: vmrights)
221	(Hardware_H.RISCV64_H.vmRightsFromBits (7 :: 64 word) :: vmrights)
222	(Hardware_H.RISCV64_H.vmRightsFromBits (18259339806008887473 :: 64 word) :: vmrights)
223	(CNode_H.capCyclicZombie (Structures_H.capability.IRQControlCap) (9253663193712232411 :: 64 word) :: bool)
224	(CNode_H.capCyclicZombie (Structures_H.capability.CNodeCap (0 :: 64 word) (8 :: nat) (1 :: 64 word) (0 :: nat)) (4096 :: 64 word) :: bool)
225	(CNode_H.capCyclicZombie (Structures_H.capability.ThreadCap (5529717657452303722 :: 64 word)) (0 :: 64 word) :: bool)
226	(CNode_H.capCyclicZombie (Structures_H.capability.UntypedCap True (18446743798831648768 :: 64 word) (3 :: nat) (5 :: nat)) (18446743798831648768 :: 64 word) :: bool)
227	(CNode_H.capCyclicZombie (Structures_H.capability.Zombie (0 :: 64 word) (Structures_H.zombie_type.ZombieCNode (3 :: nat)) (31 :: nat)) (18446743798831648768 :: 64 word) :: bool)
228	(CNode_H.capCyclicZombie (Structures_H.capability.CNodeCap (4096 :: 64 word) (5 :: nat) (4910089519752444777 :: 64 word) (1 :: nat)) (2799954844560634387 :: 64 word) :: bool)
229	(CNode_H.capRemovable (Structures_H.capability.DomainCap) (10009772024557087486 :: 64 word) :: bool)
230	(CNode_H.capRemovable (Structures_H.capability.NullCap) (18446743798831648768 :: 64 word) :: bool)
231	(CNode_H.capRemovable (Structures_H.capability.UntypedCap True (13642697554756203947 :: 64 word) (31 :: nat) (1 :: nat)) (3549837695822867536 :: 64 word) :: bool)
232	(CNode_H.capRemovable (Structures_H.capability.ArchObjectCap (ArchStructures_H.RISCV64_H.arch_capability.FrameCap (0 :: 64 word) (Hardware_H.RISCV64_H.vmrights.VMReadOnly) (MachineTypes.RISCV64.vmpage_size.RISCVHugePage) False None)) (8746577854599144557 :: 64 word) :: bool)
233	(CNode_H.capRemovable (Structures_H.capability.IRQControlCap) (0 :: 64 word) :: bool)
234	(CNode_H.capRemovable (Structures_H.capability.UntypedCap False (4096 :: 64 word) (5 :: nat) (5 :: nat)) (4180529646233636398 :: 64 word) :: bool)
235	(CNode_H.longRunningDelete (Structures_H.capability.DomainCap) :: bool)
236	(CNode_H.longRunningDelete (Structures_H.capability.EndpointCap (18446743798831648768 :: 64 word) (16866007481423189284 :: 64 word) False False False False) :: bool)
237	(CNode_H.longRunningDelete (Structures_H.capability.IRQHandlerCap (1 :: 6 word)) :: bool)
238	(CNode_H.longRunningDelete (Structures_H.capability.IRQControlCap) :: bool)
239	(CNode_H.longRunningDelete (Structures_H.capability.UntypedCap True (4096 :: 64 word) (3 :: nat) (0 :: nat)) :: bool)
240	(CNode_H.longRunningDelete (Structures_H.capability.DomainCap) :: bool)
241	(EndpointDecls_H.isActive (Structures_H.notification.NTFN (Structures_H.ntfn.IdleNtfn) None) :: bool)
242	(EndpointDecls_H.isActive (Structures_H.notification.NTFN (Structures_H.ntfn.IdleNtfn) (Some (18100126880938075189 :: 64 word))) :: bool)
243	(EndpointDecls_H.isActive (Structures_H.notification.NTFN (Structures_H.ntfn.WaitingNtfn []) (Some (0 :: 64 word))) :: bool)
244	(EndpointDecls_H.isActive (Structures_H.notification.NTFN (Structures_H.ntfn.ActiveNtfn (1 :: 64 word)) None) :: bool)
245	(EndpointDecls_H.isActive (Structures_H.notification.NTFN (Structures_H.ntfn.IdleNtfn) None) :: bool)
246	(EndpointDecls_H.isActive (Structures_H.notification.NTFN (Structures_H.ntfn.IdleNtfn) None) :: bool)
247	(InterruptDecls_H.toBool (7 :: 64 word) :: bool)
248	(InterruptDecls_H.toBool (7434553032980896337 :: 64 word) :: bool)
249	(InterruptDecls_H.toBool (7 :: 64 word) :: bool)
250	(InterruptDecls_H.toBool (7 :: 64 word) :: bool)
251	(InterruptDecls_H.toBool (0 :: 64 word) :: bool)
252	(InterruptDecls_H.toBool (9223372036854775808 :: 64 word) :: bool)
253	(NotificationDecls_H.receiveBlocked (Structures_H.thread_state.Inactive) :: bool)
254	(NotificationDecls_H.receiveBlocked (Structures_H.thread_state.BlockedOnReceive (17702841481314720039 :: 64 word) False) :: bool)
255	(NotificationDecls_H.receiveBlocked (Structures_H.thread_state.IdleThreadState) :: bool)
256	(NotificationDecls_H.receiveBlocked (Structures_H.thread_state.IdleThreadState) :: bool)
257	(NotificationDecls_H.receiveBlocked (Structures_H.thread_state.Inactive) :: bool)
258	(NotificationDecls_H.receiveBlocked (Structures_H.thread_state.IdleThreadState) :: bool)
259	(RetypeDecls_H.isCapRevocable (Structures_H.capability.CNodeCap (4096 :: 64 word) (0 :: nat) (18446744073709551615 :: 64 word) (31 :: nat)) (Structures_H.capability.NotificationCap (0 :: 64 word) (18446744073709551615 :: 64 word) True False) :: bool)
260	(RetypeDecls_H.isCapRevocable (Structures_H.capability.NullCap) (Structures_H.capability.CNodeCap (12314481742158297701 :: 64 word) (31 :: nat) (18446744073709551615 :: 64 word) (31 :: nat)) :: bool)
261	(RetypeDecls_H.isCapRevocable (Structures_H.capability.EndpointCap (18446743798831648768 :: 64 word) (0 :: 64 word) False False True False) (Structures_H.capability.IRQControlCap) :: bool)
262	(RetypeDecls_H.isCapRevocable (Structures_H.capability.ReplyCap (4096 :: 64 word) True True) (Structures_H.capability.ArchObjectCap (ArchStructures_H.RISCV64_H.arch_capability.ASIDPoolCap (0 :: 64 word) (1774021578358400095 :: 64 word))) :: bool)
263	(RetypeDecls_H.isCapRevocable (Structures_H.capability.NullCap) (Structures_H.capability.DomainCap) :: bool)
264	(RetypeDecls_H.isCapRevocable (Structures_H.capability.Zombie (0 :: 64 word) (Structures_H.zombie_type.ZombieCNode (8 :: nat)) (0 :: nat)) (Structures_H.capability.Zombie (4096 :: 64 word) (Structures_H.zombie_type.ZombieTCB) (63 :: nat)) :: bool)
265	(RetypeDecls_H.hasCancelSendRights (Structures_H.capability.IRQHandlerCap (63 :: 6 word)) :: bool)
266	(RetypeDecls_H.hasCancelSendRights (Structures_H.capability.NotificationCap (15960127133837414590 :: 64 word) (0 :: 64 word) False True) :: bool)
267	(RetypeDecls_H.hasCancelSendRights (Structures_H.capability.ArchObjectCap (ArchStructures_H.RISCV64_H.arch_capability.FrameCap (18446743798831648768 :: 64 word) (Hardware_H.RISCV64_H.vmrights.VMReadWrite) (MachineTypes.RISCV64.vmpage_size.RISCVLargePage) False (Some ((0 :: 64 word), (1 :: 64 word))))) :: bool)
268	(RetypeDecls_H.hasCancelSendRights (Structures_H.capability.Zombie (0 :: 64 word) (Structures_H.zombie_type.ZombieCNode (0 :: nat)) (31 :: nat)) :: bool)
269	(RetypeDecls_H.hasCancelSendRights (Structures_H.capability.EndpointCap (18446743798831648768 :: 64 word) (4292225269526381843 :: 64 word) False False False False) :: bool)
270	(RetypeDecls_H.hasCancelSendRights (Structures_H.capability.ThreadCap (4096 :: 64 word)) :: bool)
271	(RetypeDecls_H.capUntypedPtr (Structures_H.capability.ArchObjectCap (ArchStructures_H.RISCV64_H.arch_capability.FrameCap (5803039517496103198 :: 64 word) (Hardware_H.RISCV64_H.vmrights.VMReadWrite) (MachineTypes.RISCV64.vmpage_size.RISCVHugePage) True None)) :: 64 word)
272	(RetypeDecls_H.capUntypedPtr (Structures_H.capability.NullCap) :: 64 word)
273	(RetypeDecls_H.capUntypedPtr (Structures_H.capability.NullCap) :: 64 word)
274	(RetypeDecls_H.capUntypedPtr (Structures_H.capability.UntypedCap True (4096 :: 64 word) (0 :: nat) (31 :: nat)) :: 64 word)
275	(RetypeDecls_H.capUntypedPtr (Structures_H.capability.NotificationCap (4096 :: 64 word) (1 :: 64 word) False False) :: 64 word)
276	(RetypeDecls_H.capUntypedPtr (Structures_H.capability.EndpointCap (18446743798831648768 :: 64 word) (9223372036854775808 :: 64 word) True True False True) :: 64 word)
277	(RetypeDecls_H.capUntypedSize (Structures_H.capability.UntypedCap False (5272515988908798385 :: 64 word) (8 :: nat) (1 :: nat)) :: 64 word)
278	(RetypeDecls_H.capUntypedSize (Structures_H.capability.Zombie (18446743798831648768 :: 64 word) (Structures_H.zombie_type.ZombieCNode (3 :: nat)) (1 :: nat)) :: 64 word)
279	(RetypeDecls_H.capUntypedSize (Structures_H.capability.ArchObjectCap (ArchStructures_H.RISCV64_H.arch_capability.ASIDPoolCap (4096 :: 64 word) (1 :: 64 word))) :: 64 word)
280	(RetypeDecls_H.capUntypedSize (Structures_H.capability.EndpointCap (10758763135545366522 :: 64 word) (6226125199538744559 :: 64 word) False False False False) :: 64 word)
281	(RetypeDecls_H.capUntypedSize (Structures_H.capability.NullCap) :: 64 word)
282	(RetypeDecls_H.capUntypedSize (Structures_H.capability.IRQHandlerCap (7 :: 6 word)) :: 64 word)
283	(RetypeDecls_H.isPhysicalCap (Structures_H.capability.EndpointCap (674170234479172706 :: 64 word) (2 :: 64 word) False True True False) :: bool)
284	(RetypeDecls_H.isPhysicalCap (Structures_H.capability.CNodeCap (0 :: 64 word) (8 :: nat) (0 :: 64 word) (2 :: nat)) :: bool)
285	(RetypeDecls_H.isPhysicalCap (Structures_H.capability.Zombie (16456272235773647469 :: 64 word) (Structures_H.zombie_type.ZombieTCB) (3 :: nat)) :: bool)
286	(RetypeDecls_H.isPhysicalCap (Structures_H.capability.IRQHandlerCap (1 :: 6 word)) :: bool)
287	(RetypeDecls_H.isPhysicalCap (Structures_H.capability.Zombie (4096 :: 64 word) (Structures_H.zombie_type.ZombieTCB) (63 :: nat)) :: bool)
288	(RetypeDecls_H.isPhysicalCap (Structures_H.capability.Zombie (4096 :: 64 word) (Structures_H.zombie_type.ZombieCNode (5 :: nat)) (8 :: nat)) :: bool)
289	(RetypeDecls_H.sameRegionAs (Structures_H.capability.CNodeCap (0 :: 64 word) (8 :: nat) (7 :: 64 word) (8 :: nat)) (Structures_H.capability.IRQControlCap) :: bool)
290	(RetypeDecls_H.sameRegionAs (Structures_H.capability.UntypedCap False (18446743798831648768 :: 64 word) (12 :: nat) (31 :: nat)) (Structures_H.capability.ReplyCap (4096 :: 64 word) False True) :: bool)
291	(RetypeDecls_H.sameRegionAs (Structures_H.capability.ArchObjectCap (ArchStructures_H.RISCV64_H.arch_capability.ASIDPoolCap (0 :: 64 word) (0 :: 64 word))) (Structures_H.capability.ReplyCap (0 :: 64 word) True False) :: bool)
292	(RetypeDecls_H.sameRegionAs (Structures_H.capability.CNodeCap (3368054375605415858 :: 64 word) (3 :: nat) (9223372036854775808 :: 64 word) (1 :: nat)) (Structures_H.capability.NullCap) :: bool)
293	(RetypeDecls_H.sameRegionAs (Structures_H.capability.NotificationCap (18095684930460554657 :: 64 word) (18446744073709551615 :: 64 word) False False) (Structures_H.capability.CNodeCap (4096 :: 64 word) (63 :: nat) (18446744073709551615 :: 64 word) (31 :: nat)) :: bool)
294	(RetypeDecls_H.sameRegionAs (Structures_H.capability.DomainCap) (Structures_H.capability.ArchObjectCap (ArchStructures_H.RISCV64_H.arch_capability.ASIDPoolCap (18446743798831648768 :: 64 word) (1 :: 64 word))) :: bool)
295	(RetypeDecls_H.sameObjectAs (Structures_H.capability.IRQControlCap) (Structures_H.capability.UntypedCap False (11206214349964642812 :: 64 word) (31 :: nat) (63 :: nat)) :: bool)
296	(RetypeDecls_H.sameObjectAs (Structures_H.capability.NullCap) (Structures_H.capability.NotificationCap (4096 :: 64 word) (1331826267399059396 :: 64 word) False False) :: bool)
297	(RetypeDecls_H.sameObjectAs (Structures_H.capability.NullCap) (Structures_H.capability.ArchObjectCap (ArchStructures_H.RISCV64_H.arch_capability.FrameCap (4096 :: 64 word) (Hardware_H.RISCV64_H.vmrights.VMReadOnly) (MachineTypes.RISCV64.vmpage_size.RISCVSmallPage) False None)) :: bool)
298	(RetypeDecls_H.sameObjectAs (Structures_H.capability.Zombie (4096 :: 64 word) (Structures_H.zombie_type.ZombieTCB) (12 :: nat)) (Structures_H.capability.ReplyCap (12311407029756315022 :: 64 word) False False) :: bool)
299	(RetypeDecls_H.sameObjectAs (Structures_H.capability.DomainCap) (Structures_H.capability.IRQHandlerCap (32 :: 6 word)) :: bool)
300	(RetypeDecls_H.sameObjectAs (Structures_H.capability.ThreadCap (18446743798831648768 :: 64 word)) (Structures_H.capability.NullCap) :: bool)
301	(RetypeDecls_H.updateCapData False (2 :: 64 word) (Structures_H.capability.DomainCap) :: capability)
302	(RetypeDecls_H.updateCapData True (6821813847462499833 :: 64 word) (Structures_H.capability.DomainCap) :: capability)
303	(RetypeDecls_H.updateCapData False (18446744073709551615 :: 64 word) (Structures_H.capability.ThreadCap (18446743798831648768 :: 64 word)) :: capability)
304	(RetypeDecls_H.updateCapData False (9223372036854775808 :: 64 word) (Structures_H.capability.NullCap) :: capability)
305	(RetypeDecls_H.updateCapData True (15123787467830781991 :: 64 word) (Structures_H.capability.NullCap) :: capability)
306	(RetypeDecls_H.updateCapData False (2 :: 64 word) (Structures_H.capability.DomainCap) :: capability)
307	(RetypeDecls_H.maskCapRights (Types_H.cap_rights.CapRights True True True False) (Structures_H.capability.ReplyCap (18446743798831648768 :: 64 word) True True) :: capability)
308	(RetypeDecls_H.maskCapRights (Types_H.cap_rights.CapRights True True True False) (Structures_H.capability.ReplyCap (0 :: 64 word) True True) :: capability)
309	(RetypeDecls_H.maskCapRights (Types_H.cap_rights.CapRights True True True False) (Structures_H.capability.UntypedCap False (4096 :: 64 word) (1 :: nat) (1 :: nat)) :: capability)
310	(RetypeDecls_H.maskCapRights (Types_H.cap_rights.CapRights True True True True) (Structures_H.capability.IRQHandlerCap (0 :: 6 word)) :: capability)
311	(RetypeDecls_H.maskCapRights (Types_H.cap_rights.CapRights False True True True) (Structures_H.capability.IRQHandlerCap (32 :: 6 word)) :: capability)
312	(RetypeDecls_H.maskCapRights (Types_H.cap_rights.CapRights False False True True) (Structures_H.capability.NullCap) :: capability)
313	(ArchRetypeDecls_H.RISCV64_H.isCapRevocable (Structures_H.capability.ReplyCap (1843172009483955141 :: 64 word) False True) (Structures_H.capability.NullCap) :: bool)
314	(ArchRetypeDecls_H.RISCV64_H.isCapRevocable (Structures_H.capability.NotificationCap (18446743798831648768 :: 64 word) (18446744073709551615 :: 64 word) True False) (Structures_H.capability.IRQControlCap) :: bool)
315	(ArchRetypeDecls_H.RISCV64_H.isCapRevocable (Structures_H.capability.ArchObjectCap (ArchStructures_H.RISCV64_H.arch_capability.ASIDControlCap)) (Structures_H.capability.Zombie (18446743798831648768 :: 64 word) (Structures_H.zombie_type.ZombieCNode (3 :: nat)) (63 :: nat)) :: bool)
316	(ArchRetypeDecls_H.RISCV64_H.isCapRevocable (Structures_H.capability.CNodeCap (18446743798831648768 :: 64 word) (12 :: nat) (9223372036854775808 :: 64 word) (1 :: nat)) (Structures_H.capability.IRQHandlerCap (7 :: 6 word)) :: bool)
317	(ArchRetypeDecls_H.RISCV64_H.isCapRevocable (Structures_H.capability.NullCap) (Structures_H.capability.IRQHandlerCap (0 :: 6 word)) :: bool)
318	(ArchRetypeDecls_H.RISCV64_H.isCapRevocable (Structures_H.capability.DomainCap) (Structures_H.capability.NullCap) :: bool)
319	(ArchRetypeDecls_H.RISCV64_H.isArchMDBParentOf (Structures_H.capability.IRQControlCap) (Structures_H.capability.CNodeCap (0 :: 64 word) (3 :: nat) (9223372036854775808 :: 64 word) (1 :: nat)) True :: bool)
320	(ArchRetypeDecls_H.RISCV64_H.isArchMDBParentOf (Structures_H.capability.IRQControlCap) (Structures_H.capability.EndpointCap (8988706969078322929 :: 64 word) (0 :: 64 word) True False False True) False :: bool)
321	(ArchRetypeDecls_H.RISCV64_H.isArchMDBParentOf (Structures_H.capability.ThreadCap (0 :: 64 word)) (Structures_H.capability.ThreadCap (18446743798831648768 :: 64 word)) True :: bool)
322	(ArchRetypeDecls_H.RISCV64_H.isArchMDBParentOf (Structures_H.capability.NullCap) (Structures_H.capability.IRQControlCap) False :: bool)
323	(ArchRetypeDecls_H.RISCV64_H.isArchMDBParentOf (Structures_H.capability.ReplyCap (0 :: 64 word) False True) (Structures_H.capability.IRQControlCap) True :: bool)
324	(ArchRetypeDecls_H.RISCV64_H.isArchMDBParentOf (Structures_H.capability.Zombie (0 :: 64 word) (Structures_H.zombie_type.ZombieTCB) (12 :: nat)) (Structures_H.capability.IRQHandlerCap (32 :: 6 word)) False :: bool)
325	(ArchRetypeDecls_H.RISCV64_H.updateCapData True (7 :: 64 word) (ArchStructures_H.RISCV64_H.arch_capability.ASIDPoolCap (4096 :: 64 word) (2 :: 64 word)) :: capability)
326	(ArchRetypeDecls_H.RISCV64_H.updateCapData True (5345072092783170078 :: 64 word) (ArchStructures_H.RISCV64_H.arch_capability.ASIDControlCap) :: capability)
327	(ArchRetypeDecls_H.RISCV64_H.updateCapData True (1 :: 64 word) (ArchStructures_H.RISCV64_H.arch_capability.FrameCap (18446743798831648768 :: 64 word) (Hardware_H.RISCV64_H.vmrights.VMReadOnly) (MachineTypes.RISCV64.vmpage_size.RISCVLargePage) False (Some ((7 :: 64 word), (123104230957995116 :: 64 word)))) :: capability)
328	(ArchRetypeDecls_H.RISCV64_H.updateCapData True (1 :: 64 word) (ArchStructures_H.RISCV64_H.arch_capability.ASIDPoolCap (4096 :: 64 word) (7 :: 64 word)) :: capability)
329	(ArchRetypeDecls_H.RISCV64_H.updateCapData True (1 :: 64 word) (ArchStructures_H.RISCV64_H.arch_capability.FrameCap (0 :: 64 word) (Hardware_H.RISCV64_H.vmrights.VMReadOnly) (MachineTypes.RISCV64.vmpage_size.RISCVLargePage) False (Some ((18257689844677338005 :: 64 word), (8677653900933427632 :: 64 word)))) :: capability)
330	(ArchRetypeDecls_H.RISCV64_H.updateCapData True (18446744073709551615 :: 64 word) (ArchStructures_H.RISCV64_H.arch_capability.FrameCap (4096 :: 64 word) (Hardware_H.RISCV64_H.vmrights.VMReadWrite) (MachineTypes.RISCV64.vmpage_size.RISCVLargePage) True (Some ((1816007316825705762 :: 64 word), (9223372036854775808 :: 64 word)))) :: capability)
331	(ArchRetypeDecls_H.RISCV64_H.maskCapRights (Types_H.cap_rights.CapRights True True True False) (ArchStructures_H.RISCV64_H.arch_capability.ASIDPoolCap (4096 :: 64 word) (17699195562550048739 :: 64 word)) :: capability)
332	(ArchRetypeDecls_H.RISCV64_H.maskCapRights (Types_H.cap_rights.CapRights False False True True) (ArchStructures_H.RISCV64_H.arch_capability.ASIDControlCap) :: capability)
333	(ArchRetypeDecls_H.RISCV64_H.maskCapRights (Types_H.cap_rights.CapRights False False False True) (ArchStructures_H.RISCV64_H.arch_capability.ASIDPoolCap (4096 :: 64 word) (7 :: 64 word)) :: capability)
334	(ArchRetypeDecls_H.RISCV64_H.maskCapRights (Types_H.cap_rights.CapRights True False False True) (ArchStructures_H.RISCV64_H.arch_capability.ASIDPoolCap (14758656996101253483 :: 64 word) (7516976170253644239 :: 64 word)) :: capability)
335	(ArchRetypeDecls_H.RISCV64_H.maskCapRights (Types_H.cap_rights.CapRights True False False False) (ArchStructures_H.RISCV64_H.arch_capability.PageTableCap (1628989229268115083 :: 64 word) (Some ((0 :: 64 word), (17411610828482434308 :: 64 word)))) :: capability)
336	(ArchRetypeDecls_H.RISCV64_H.maskCapRights (Types_H.cap_rights.CapRights False False True False) (ArchStructures_H.RISCV64_H.arch_capability.FrameCap (15995141418096361895 :: 64 word) (Hardware_H.RISCV64_H.vmrights.VMReadWrite) (MachineTypes.RISCV64.vmpage_size.RISCVHugePage) False None) :: capability)
337	(ArchRetypeDecls_H.RISCV64_H.isIRQControlCapDescendant (ArchStructures_H.RISCV64_H.arch_capability.ASIDControlCap) :: bool)
338	(ArchRetypeDecls_H.RISCV64_H.isIRQControlCapDescendant (ArchStructures_H.RISCV64_H.arch_capability.FrameCap (18446743798831648768 :: 64 word) (Hardware_H.RISCV64_H.vmrights.VMReadOnly) (MachineTypes.RISCV64.vmpage_size.RISCVHugePage) False None) :: bool)
339	(ArchRetypeDecls_H.RISCV64_H.isIRQControlCapDescendant (ArchStructures_H.RISCV64_H.arch_capability.FrameCap (4096 :: 64 word) (Hardware_H.RISCV64_H.vmrights.VMReadOnly) (MachineTypes.RISCV64.vmpage_size.RISCVSmallPage) True None) :: bool)
340	(ArchRetypeDecls_H.RISCV64_H.isIRQControlCapDescendant (ArchStructures_H.RISCV64_H.arch_capability.FrameCap (17120641114723962206 :: 64 word) (Hardware_H.RISCV64_H.vmrights.VMReadOnly) (MachineTypes.RISCV64.vmpage_size.RISCVLargePage) False (Some ((1 :: 64 word), (1 :: 64 word)))) :: bool)
341	(ArchRetypeDecls_H.RISCV64_H.isIRQControlCapDescendant (ArchStructures_H.RISCV64_H.arch_capability.PageTableCap (4096 :: 64 word) (Some ((1 :: 64 word), (18446744073709551615 :: 64 word)))) :: bool)
342	(ArchRetypeDecls_H.RISCV64_H.isIRQControlCapDescendant (ArchStructures_H.RISCV64_H.arch_capability.FrameCap (0 :: 64 word) (Hardware_H.RISCV64_H.vmrights.VMKernelOnly) (MachineTypes.RISCV64.vmpage_size.RISCVLargePage) False (Some ((2 :: 64 word), (9223372036854775808 :: 64 word)))) :: bool)
343	(ArchRetypeDecls_H.RISCV64_H.sameRegionAs (ArchStructures_H.RISCV64_H.arch_capability.PageTableCap (7910993270946467515 :: 64 word) None) (ArchStructures_H.RISCV64_H.arch_capability.ASIDControlCap) :: bool)
344	(ArchRetypeDecls_H.RISCV64_H.sameRegionAs (ArchStructures_H.RISCV64_H.arch_capability.FrameCap (4096 :: 64 word) (Hardware_H.RISCV64_H.vmrights.VMKernelOnly) (MachineTypes.RISCV64.vmpage_size.RISCVSmallPage) True None) (ArchStructures_H.RISCV64_H.arch_capability.PageTableCap (18446743798831648768 :: 64 word) (Some ((1 :: 64 word), (0 :: 64 word)))) :: bool)
345	(ArchRetypeDecls_H.RISCV64_H.sameRegionAs (ArchStructures_H.RISCV64_H.arch_capability.FrameCap (18446743798831648768 :: 64 word) (Hardware_H.RISCV64_H.vmrights.VMReadWrite) (MachineTypes.RISCV64.vmpage_size.RISCVSmallPage) True (Some ((0 :: 64 word), (18446744073709551615 :: 64 word)))) (ArchStructures_H.RISCV64_H.arch_capability.FrameCap (18446743798831648768 :: 64 word) (Hardware_H.RISCV64_H.vmrights.VMKernelOnly) (MachineTypes.RISCV64.vmpage_size.RISCVSmallPage) False (Some ((1 :: 64 word), (2 :: 64 word)))) :: bool)
346	(ArchRetypeDecls_H.RISCV64_H.sameRegionAs (ArchStructures_H.RISCV64_H.arch_capability.ASIDControlCap) (ArchStructures_H.RISCV64_H.arch_capability.FrameCap (0 :: 64 word) (Hardware_H.RISCV64_H.vmrights.VMKernelOnly) (MachineTypes.RISCV64.vmpage_size.RISCVHugePage) False (Some ((1 :: 64 word), (18446744073709551615 :: 64 word)))) :: bool)
347	(ArchRetypeDecls_H.RISCV64_H.sameRegionAs (ArchStructures_H.RISCV64_H.arch_capability.ASIDPoolCap (0 :: 64 word) (2 :: 64 word)) (ArchStructures_H.RISCV64_H.arch_capability.ASIDControlCap) :: bool)
348	(ArchRetypeDecls_H.RISCV64_H.sameRegionAs (ArchStructures_H.RISCV64_H.arch_capability.PageTableCap (15113486313327519409 :: 64 word) None) (ArchStructures_H.RISCV64_H.arch_capability.PageTableCap (15030486100016450666 :: 64 word) (Some ((9223372036854775808 :: 64 word), (9223372036854775808 :: 64 word)))) :: bool)
349	(ArchRetypeDecls_H.RISCV64_H.isPhysicalCap (ArchStructures_H.RISCV64_H.arch_capability.ASIDControlCap) :: bool)
350	(ArchRetypeDecls_H.RISCV64_H.isPhysicalCap (ArchStructures_H.RISCV64_H.arch_capability.FrameCap (4096 :: 64 word) (Hardware_H.RISCV64_H.vmrights.VMReadOnly) (MachineTypes.RISCV64.vmpage_size.RISCVSmallPage) False (Some ((7 :: 64 word), (2 :: 64 word)))) :: bool)
351	(ArchRetypeDecls_H.RISCV64_H.isPhysicalCap (ArchStructures_H.RISCV64_H.arch_capability.PageTableCap (0 :: 64 word) None) :: bool)
352	(ArchRetypeDecls_H.RISCV64_H.isPhysicalCap (ArchStructures_H.RISCV64_H.arch_capability.PageTableCap (15848316641091461264 :: 64 word) None) :: bool)
353	(ArchRetypeDecls_H.RISCV64_H.isPhysicalCap (ArchStructures_H.RISCV64_H.arch_capability.ASIDPoolCap (0 :: 64 word) (7 :: 64 word)) :: bool)
354	(ArchRetypeDecls_H.RISCV64_H.isPhysicalCap (ArchStructures_H.RISCV64_H.arch_capability.ASIDPoolCap (4096 :: 64 word) (9223372036854775808 :: 64 word)) :: bool)
355	(ArchRetypeDecls_H.RISCV64_H.sameObjectAs (ArchStructures_H.RISCV64_H.arch_capability.ASIDPoolCap (4096 :: 64 word) (0 :: 64 word)) (ArchStructures_H.RISCV64_H.arch_capability.FrameCap (15520455319821403804 :: 64 word) (Hardware_H.RISCV64_H.vmrights.VMKernelOnly) (MachineTypes.RISCV64.vmpage_size.RISCVLargePage) False None) :: bool)
356	(ArchRetypeDecls_H.RISCV64_H.sameObjectAs (ArchStructures_H.RISCV64_H.arch_capability.FrameCap (4096 :: 64 word) (Hardware_H.RISCV64_H.vmrights.VMKernelOnly) (MachineTypes.RISCV64.vmpage_size.RISCVLargePage) True (Some ((0 :: 64 word), (2 :: 64 word)))) (ArchStructures_H.RISCV64_H.arch_capability.ASIDControlCap) :: bool)
357	(ArchRetypeDecls_H.RISCV64_H.sameObjectAs (ArchStructures_H.RISCV64_H.arch_capability.FrameCap (4096 :: 64 word) (Hardware_H.RISCV64_H.vmrights.VMReadOnly) (MachineTypes.RISCV64.vmpage_size.RISCVSmallPage) True None) (ArchStructures_H.RISCV64_H.arch_capability.FrameCap (0 :: 64 word) (Hardware_H.RISCV64_H.vmrights.VMKernelOnly) (MachineTypes.RISCV64.vmpage_size.RISCVLargePage) False None) :: bool)
358	(ArchRetypeDecls_H.RISCV64_H.sameObjectAs (ArchStructures_H.RISCV64_H.arch_capability.ASIDControlCap) (ArchStructures_H.RISCV64_H.arch_capability.FrameCap (4096 :: 64 word) (Hardware_H.RISCV64_H.vmrights.VMReadOnly) (MachineTypes.RISCV64.vmpage_size.RISCVSmallPage) True None) :: bool)
359	(ArchRetypeDecls_H.RISCV64_H.sameObjectAs (ArchStructures_H.RISCV64_H.arch_capability.ASIDPoolCap (4096 :: 64 word) (2 :: 64 word)) (ArchStructures_H.RISCV64_H.arch_capability.ASIDPoolCap (4096 :: 64 word) (7 :: 64 word)) :: bool)
360	(ArchRetypeDecls_H.RISCV64_H.sameObjectAs (ArchStructures_H.RISCV64_H.arch_capability.FrameCap (18446743798831648768 :: 64 word) (Hardware_H.RISCV64_H.vmrights.VMReadOnly) (MachineTypes.RISCV64.vmpage_size.RISCVSmallPage) False (Some ((18446744073709551615 :: 64 word), (9223372036854775808 :: 64 word)))) (ArchStructures_H.RISCV64_H.arch_capability.ASIDControlCap) :: bool)
361	(ArchRetypeDecls_H.RISCV64_H.capUntypedPtr (ArchStructures_H.RISCV64_H.arch_capability.PageTableCap (18446743798831648768 :: 64 word) (Some ((2 :: 64 word), (18446744073709551615 :: 64 word)))) :: 64 word)
362	(ArchRetypeDecls_H.RISCV64_H.capUntypedPtr (ArchStructures_H.RISCV64_H.arch_capability.ASIDControlCap) :: 64 word)
363	(ArchRetypeDecls_H.RISCV64_H.capUntypedPtr (ArchStructures_H.RISCV64_H.arch_capability.ASIDControlCap) :: 64 word)
364	(ArchRetypeDecls_H.RISCV64_H.capUntypedPtr (ArchStructures_H.RISCV64_H.arch_capability.ASIDPoolCap (0 :: 64 word) (7 :: 64 word)) :: 64 word)
365	(ArchRetypeDecls_H.RISCV64_H.capUntypedPtr (ArchStructures_H.RISCV64_H.arch_capability.ASIDControlCap) :: 64 word)
366	(ArchRetypeDecls_H.RISCV64_H.capUntypedPtr (ArchStructures_H.RISCV64_H.arch_capability.ASIDControlCap) :: 64 word)
367	(ArchRetypeDecls_H.RISCV64_H.capUntypedSize (ArchStructures_H.RISCV64_H.arch_capability.FrameCap (18446743798831648768 :: 64 word) (Hardware_H.RISCV64_H.vmrights.VMKernelOnly) (MachineTypes.RISCV64.vmpage_size.RISCVLargePage) True (Some ((0 :: 64 word), (2 :: 64 word)))) :: 64 word)
368	(ArchRetypeDecls_H.RISCV64_H.capUntypedSize (ArchStructures_H.RISCV64_H.arch_capability.ASIDPoolCap (0 :: 64 word) (7 :: 64 word)) :: 64 word)
369	(ArchRetypeDecls_H.RISCV64_H.capUntypedSize (ArchStructures_H.RISCV64_H.arch_capability.FrameCap (4096 :: 64 word) (Hardware_H.RISCV64_H.vmrights.VMKernelOnly) (MachineTypes.RISCV64.vmpage_size.RISCVHugePage) True None) :: 64 word)
370	(ArchRetypeDecls_H.RISCV64_H.capUntypedSize (ArchStructures_H.RISCV64_H.arch_capability.ASIDPoolCap (4096 :: 64 word) (9223372036854775808 :: 64 word)) :: 64 word)
371	(ArchRetypeDecls_H.RISCV64_H.capUntypedSize (ArchStructures_H.RISCV64_H.arch_capability.FrameCap (4096 :: 64 word) (Hardware_H.RISCV64_H.vmrights.VMReadWrite) (MachineTypes.RISCV64.vmpage_size.RISCVLargePage) True None) :: 64 word)
372	(ArchRetypeDecls_H.RISCV64_H.capUntypedSize (ArchStructures_H.RISCV64_H.arch_capability.ASIDPoolCap (4096 :: 64 word) (2 :: 64 word)) :: 64 word)
373	(Structures_H.objBitsKO (Structures_H.kernel_object.KOEndpoint (Structures_H.endpoint.IdleEP)) :: nat)
374	(Structures_H.objBitsKO (Structures_H.kernel_object.KOEndpoint (Structures_H.endpoint.IdleEP)) :: nat)
375	(Structures_H.objBitsKO (Structures_H.kernel_object.KOUserData) :: nat)
376	(Structures_H.objBitsKO (Structures_H.kernel_object.KOUserData) :: nat)
377	(Structures_H.objBitsKO (Structures_H.kernel_object.KOEndpoint (Structures_H.endpoint.SendEP [])) :: nat)
378	(Structures_H.objBitsKO (Structures_H.kernel_object.KOCTE (Structures_H.cte.CTE (Structures_H.capability.NullCap) (Structures_H.mdbnode.MDB (16756519045517774550 :: 64 word) (4077993729252230344 :: 64 word) False False))) :: nat)
379	(Structures_H.dschDomain ((255 :: 8 word), (18446744073709551615 :: 64 word)) :: 8 word)
380	(Structures_H.dschDomain ((1 :: 8 word), (7 :: 64 word)) :: 8 word)
381	(Structures_H.dschDomain ((255 :: 8 word), (9223372036854775808 :: 64 word)) :: 8 word)
382	(Structures_H.dschDomain ((2 :: 8 word), (7 :: 64 word)) :: 8 word)
383	(Structures_H.dschDomain ((180 :: 8 word), (0 :: 64 word)) :: 8 word)
384	(Structures_H.dschDomain ((180 :: 8 word), (7 :: 64 word)) :: 8 word)
385	(Structures_H.dschLength ((7 :: 8 word), (7 :: 64 word)) :: 64 word)
386	(Structures_H.dschLength ((255 :: 8 word), (18446744073709551615 :: 64 word)) :: 64 word)
387	(Structures_H.dschLength ((255 :: 8 word), (18446744073709551615 :: 64 word)) :: 64 word)
388	(Structures_H.dschLength ((128 :: 8 word), (0 :: 64 word)) :: 64 word)
389	(Structures_H.dschLength ((2 :: 8 word), (18446744073709551615 :: 64 word)) :: 64 word)
390	(Structures_H.dschLength ((1 :: 8 word), (9223372036854775808 :: 64 word)) :: 64 word)
391	(Structures_H.isReceive (Structures_H.thread_state.BlockedOnNotification (3587914253692755803 :: 64 word)) :: bool)
392	(Structures_H.isReceive (Structures_H.thread_state.BlockedOnReply) :: bool)
393	(Structures_H.isReceive (Structures_H.thread_state.BlockedOnReply) :: bool)
394	(Structures_H.isReceive (Structures_H.thread_state.BlockedOnSend (18446743798831648768 :: 64 word) (9223372036854775808 :: 64 word) True False False) :: bool)
395	(Structures_H.isReceive (Structures_H.thread_state.BlockedOnNotification (4096 :: 64 word)) :: bool)
396	(Structures_H.isReceive (Structures_H.thread_state.IdleThreadState) :: bool)
397	(Structures_H.isSend (Structures_H.thread_state.BlockedOnReply) :: bool)
398	(Structures_H.isSend (Structures_H.thread_state.Inactive) :: bool)
399	(Structures_H.isSend (Structures_H.thread_state.BlockedOnSend (0 :: 64 word) (1 :: 64 word) True False False) :: bool)
400	(Structures_H.isSend (Structures_H.thread_state.BlockedOnSend (4096 :: 64 word) (1 :: 64 word) True True True) :: bool)
401	(Structures_H.isSend (Structures_H.thread_state.BlockedOnNotification (18446743798831648768 :: 64 word)) :: bool)
402	(Structures_H.isSend (Structures_H.thread_state.BlockedOnReply) :: bool)
403	(Structures_H.isReply (Structures_H.thread_state.BlockedOnSend (6496508649409933213 :: 64 word) (2 :: 64 word) True True False) :: bool)
404	(Structures_H.isReply (Structures_H.thread_state.Restart) :: bool)
405	(Structures_H.isReply (Structures_H.thread_state.Restart) :: bool)
406	(Structures_H.isReply (Structures_H.thread_state.Running) :: bool)
407	(Structures_H.isReply (Structures_H.thread_state.BlockedOnReceive (17388378240413080443 :: 64 word) False) :: bool)
408	(Structures_H.isReply (Structures_H.thread_state.Inactive) :: bool)
409	(Structures_H.maxFreeIndex (31 :: nat) :: nat)
410	(Structures_H.maxFreeIndex (0 :: nat) :: nat)
411	(Structures_H.maxFreeIndex (2 :: nat) :: nat)
412	(Structures_H.maxFreeIndex (8 :: nat) :: nat)
413	(Structures_H.maxFreeIndex (63 :: nat) :: nat)
414	(Structures_H.maxFreeIndex (0 :: nat) :: nat)
415	(Structures_H.getFreeRef (4096 :: 64 word) (5 :: nat) :: 64 word)
416	(Structures_H.getFreeRef (0 :: 64 word) (31 :: nat) :: 64 word)
417	(Structures_H.getFreeRef (4547988534524147192 :: 64 word) (5 :: nat) :: 64 word)
418	(Structures_H.getFreeRef (0 :: 64 word) (63 :: nat) :: 64 word)
419	(Structures_H.getFreeRef (4096 :: 64 word) (12 :: nat) :: 64 word)
420	(Structures_H.getFreeRef (18446743798831648768 :: 64 word) (8 :: nat) :: 64 word)
421	(Structures_H.getFreeIndex (4096 :: 64 word) (18446743798831648768 :: 64 word) :: nat)
422	(Structures_H.getFreeIndex (18446743798831648768 :: 64 word) (18446743798831648768 :: 64 word) :: nat)
423	(Structures_H.getFreeIndex (0 :: 64 word) (18446743798831648768 :: 64 word) :: nat)
424	(Structures_H.getFreeIndex (18446743798831648768 :: 64 word) (0 :: 64 word) :: nat)
425	(Structures_H.getFreeIndex (0 :: 64 word) (18446743798831648768 :: 64 word) :: nat)
426	(Structures_H.getFreeIndex (3807121470372228579 :: 64 word) (0 :: 64 word) :: nat)
427	(Structures_H.untypedZeroRange (Structures_H.capability.ThreadCap (18446743798831648768 :: 64 word)) :: ((64 word \<times> 64 word)) option)
428	(Structures_H.untypedZeroRange (Structures_H.capability.NotificationCap (3764848962385892764 :: 64 word) (1 :: 64 word) True True) :: ((64 word \<times> 64 word)) option)
429	(Structures_H.untypedZeroRange (Structures_H.capability.UntypedCap True (4096 :: 64 word) (31 :: nat) (0 :: nat)) :: ((64 word \<times> 64 word)) option)
430	(Structures_H.untypedZeroRange (Structures_H.capability.IRQControlCap) :: ((64 word \<times> 64 word)) option)
431	(Structures_H.untypedZeroRange (Structures_H.capability.EndpointCap (18375124573942088365 :: 64 word) (7 :: 64 word) False True False False) :: ((64 word \<times> 64 word)) option)
432	(Structures_H.untypedZeroRange (Structures_H.capability.Zombie (0 :: 64 word) (Structures_H.zombie_type.ZombieTCB) (5 :: nat)) :: ((64 word \<times> 64 word)) option)
433	(Structs_B.tcbFlagToWord (Structs_B.tcb_flag.FpuDisabled) :: 64 word)
434	(Structs_B.tcbFlagToWord (Structs_B.tcb_flag.FpuDisabled) :: 64 word)
435	(Structs_B.tcbFlagToWord (Structs_B.tcb_flag.FpuDisabled) :: 64 word)
436	(Structs_B.tcbFlagToWord (Structs_B.tcb_flag.FpuDisabled) :: 64 word)
437	(Structs_B.tcbFlagToWord (Structs_B.tcb_flag.FpuDisabled) :: 64 word)
438	(Structs_B.tcbFlagToWord (Structs_B.tcb_flag.FpuDisabled) :: 64 word)
439	(Structures_H.isFlagSet (Structs_B.tcb_flag.FpuDisabled) (0 :: 64 word) :: bool)
440	(Structures_H.isFlagSet (Structs_B.tcb_flag.FpuDisabled) (1 :: 64 word) :: bool)
441	(Structures_H.isFlagSet (Structs_B.tcb_flag.FpuDisabled) (0 :: 64 word) :: bool)
442	(Structures_H.isFlagSet (Structs_B.tcb_flag.FpuDisabled) (12086166267507679098 :: 64 word) :: bool)
443	(Structures_H.isFlagSet (Structs_B.tcb_flag.FpuDisabled) (18446744073709551615 :: 64 word) :: bool)
444	(Structures_H.isFlagSet (Structs_B.tcb_flag.FpuDisabled) (2 :: 64 word) :: bool)
445	(ArchStructures_H.RISCV64_H.asidHighBitsOf (9223372036854775808 :: 64 word) :: 64 word)
446	(ArchStructures_H.RISCV64_H.asidHighBitsOf (8501520601918587882 :: 64 word) :: 64 word)
447	(ArchStructures_H.RISCV64_H.asidHighBitsOf (1 :: 64 word) :: 64 word)
448	(ArchStructures_H.RISCV64_H.asidHighBitsOf (1 :: 64 word) :: 64 word)
449	(ArchStructures_H.RISCV64_H.asidHighBitsOf (1 :: 64 word) :: 64 word)
450	(ArchStructures_H.RISCV64_H.asidHighBitsOf (1 :: 64 word) :: 64 word)
451	(Arch_Structs_B.RISCV64_H.parseTimeArg (31 :: nat) [(18446744073709551615 :: 64 word)] :: 64 word)
452	(Arch_Structs_B.RISCV64_H.parseTimeArg (8 :: nat) [] :: 64 word)
453	(Arch_Structs_B.RISCV64_H.parseTimeArg (3 :: nat) [(0 :: 64 word)] :: 64 word)
454	(Arch_Structs_B.RISCV64_H.parseTimeArg (63 :: nat) [(13873335692287578388 :: 64 word)] :: 64 word)
455	(Arch_Structs_B.RISCV64_H.parseTimeArg (63 :: nat) [(18446744073709551615 :: 64 word)] :: 64 word)
456	(Arch_Structs_B.RISCV64_H.parseTimeArg (3 :: nat) [(9223372036854775808 :: 64 word)] :: 64 word)
457	(ArchTCB_H.RISCV64_H.sanitiseRegister False (State_H.RISCV64_H.Register (MachineTypes.RISCV64.register.S1)) (12235847816921227804 :: 64 word) :: 64 word)
458	(ArchTCB_H.RISCV64_H.sanitiseRegister True (State_H.RISCV64_H.Register (MachineTypes.RISCV64.register.A1)) (2 :: 64 word) :: 64 word)
459	(ArchTCB_H.RISCV64_H.sanitiseRegister True (State_H.RISCV64_H.Register (MachineTypes.RISCV64.register.GP)) (0 :: 64 word) :: 64 word)
460	(ArchTCB_H.RISCV64_H.sanitiseRegister True (State_H.RISCV64_H.Register (MachineTypes.RISCV64.register.A4)) (9223372036854775808 :: 64 word) :: 64 word)
461	(ArchTCB_H.RISCV64_H.sanitiseRegister True (State_H.RISCV64_H.Register (MachineTypes.RISCV64.register.S10)) (1 :: 64 word) :: 64 word)
462	(ArchTCB_H.RISCV64_H.sanitiseRegister False (State_H.RISCV64_H.Register (MachineTypes.RISCV64.register.FaultIP)) (10288444642535322734 :: 64 word) :: 64 word)
463	(ArchTCB_H.RISCV64_H.sanitiseRegister False (MachineTypes.RISCV64.register.S10) (0 :: 64 word) :: 64 word)
464	(ArchTCB_H.RISCV64_H.sanitiseRegister True (MachineTypes.RISCV64.register.S10) (18446744073709551615 :: 64 word) :: 64 word)
465	(ArchTCB_H.RISCV64_H.sanitiseRegister False (MachineTypes.RISCV64.register.S3) (10699264320094585688 :: 64 word) :: 64 word)
466	(ArchTCB_H.RISCV64_H.sanitiseRegister True (MachineTypes.RISCV64.register.S1) (18446744073709551615 :: 64 word) :: 64 word)
467	(ArchTCB_H.RISCV64_H.sanitiseRegister False (MachineTypes.RISCV64.register.T3) (0 :: 64 word) :: 64 word)
468	(ArchTCB_H.RISCV64_H.sanitiseRegister False (MachineTypes.RISCV64.register.T1) (9223372036854775808 :: 64 word) :: 64 word)
469	(Untyped_H.alignUp (7 :: 64 word) (1 :: nat) :: 64 word)
470	(Untyped_H.alignUp (18446744073709551615 :: 64 word) (8 :: nat) :: 64 word)
471	(Untyped_H.alignUp (1 :: 64 word) (2 :: nat) :: 64 word)
472	(Untyped_H.alignUp (1 :: 64 word) (3 :: nat) :: 64 word)
473	(Untyped_H.alignUp (18446744073709551615 :: 64 word) (1 :: nat) :: 64 word)
474	(Untyped_H.alignUp (9223372036854775808 :: 64 word) (0 :: nat) :: 64 word)
