module	translated	total	notes
SEL4/API.lhs	0	0	0 external stubs, 0 unresolved
SEL4/API/Failures.lhs	2	2	0 external stubs, 2 unresolved
SEL4/API/Failures/RISCV64.hs	0	0	0 external stubs, 0 unresolved
SEL4/API/Faults.lhs	2	2	11 external stubs, 5 unresolved
SEL4/API/Faults/RISCV64.hs	2	2	2 external stubs, 1 unresolved
SEL4/API/Invocation.lhs	0	0	0 external stubs, 0 unresolved
SEL4/API/Invocation/RISCV64.hs	0	0	0 external stubs, 0 unresolved
SEL4/API/InvocationLabels.lhs	2	2	0 external stubs, 5 unresolved
SEL4/API/InvocationLabels/RISCV64.hs	0	0	0 external stubs, 0 unresolved
SEL4/API/Syscall.lhs	7	7	37 external stubs, 3 unresolved
SEL4/API/Types.lhs	21	21	2 external stubs, 4 unresolved
SEL4/API/Types/RISCV64.hs	6	7	5 external stubs, 1 unresolved
SEL4/API/Types/Universal.lhs	3	3	1 external stubs, 0 unresolved
SEL4/Config.lhs	8	8	0 external stubs, 1 unresolved
SEL4/Kernel.lhs	0	0	0 external stubs, 0 unresolved
SEL4/Kernel/BootInfo.lhs	22	23	8 external stubs, 14 unresolved
SEL4/Kernel/CSpace.lhs	8	8	8 external stubs, 7 unresolved
SEL4/Kernel/FaultHandler.lhs	2	3	13 external stubs, 1 unresolved
SEL4/Kernel/Hypervisor.lhs	1	1	0 external stubs, 0 unresolved
SEL4/Kernel/Hypervisor/RISCV64.hs	1	1	0 external stubs, 0 unresolved
SEL4/Kernel/Init.lhs	21	22	45 external stubs, 36 unresolved
SEL4/Kernel/Thread.lhs	52	53	61 external stubs, 25 unresolved
SEL4/Kernel/Thread/RISCV64.hs	5	5	2 external stubs, 1 unresolved
SEL4/Kernel/VSpace.lhs	16	16	6 external stubs, 0 unresolved
SEL4/Kernel/VSpace/RISCV64.hs	51	53	51 external stubs, 28 unresolved
SEL4/Machine.lhs	0	0	0 external stubs, 0 unresolved
SEL4/Machine/Hardware.lhs	29	29	2 external stubs, 5 unresolved
SEL4/Machine/Hardware/RISCV64.hs	50	50	6 external stubs, 7 unresolved
SEL4/Machine/Hardware/RISCV64/HiFive.hs	13	13	0 external stubs, 1 unresolved
SEL4/Machine/Hardware/RISCV64/Spike.hs	13	13	0 external stubs, 1 unresolved
SEL4/Machine/RegisterSet.lhs	15	15	0 external stubs, 2 unresolved
SEL4/Machine/RegisterSet/RISCV64.hs	14	16	1 external stubs, 5 unresolved
SEL4/Machine/Target.lhs	0	0	0 external stubs, 0 unresolved
SEL4/Model.lhs	0	0	0 external stubs, 0 unresolved
SEL4/Model/Failures.lhs	12	12	0 external stubs, 8 unresolved
SEL4/Model/PSpace.lhs	20	24	10 external stubs, 24 unresolved
SEL4/Model/PSpace/RISCV64.hs	1	1	0 external stubs, 0 unresolved
SEL4/Model/Preemption.lhs	3	3	5 external stubs, 3 unresolved
SEL4/Model/StateData.lhs	27	27	10 external stubs, 8 unresolved
SEL4/Model/StateData/RISCV64.hs	3	3	0 external stubs, 2 unresolved
SEL4/Model/Syscall.lhs	1	1	1 external stubs, 1 unresolved
SEL4/Object.lhs	0	0	0 external stubs, 0 unresolved
SEL4/Object/CNode.lhs	36	43	43 external stubs, 18 unresolved
SEL4/Object/Domain.hs	9	9	11 external stubs, 8 unresolved
SEL4/Object/Domain/RISCV64.hs	1	1	0 external stubs, 0 unresolved
SEL4/Object/Endpoint.lhs	8	9	30 external stubs, 8 unresolved
SEL4/Object/Instances.lhs	0	0	0 external stubs, 0 unresolved
SEL4/Object/Instances/RISCV64.hs	0	0	0 external stubs, 0 unresolved
SEL4/Object/Interrupt.lhs	14	14	37 external stubs, 13 unresolved
SEL4/Object/Interrupt/RISCV64.hs	7	9	13 external stubs, 5 unresolved
SEL4/Object/Notification.lhs	13	13	14 external stubs, 0 unresolved
SEL4/Object/ObjectType.lhs	15	16	38 external stubs, 22 unresolved
SEL4/Object/ObjectType/RISCV64.hs	20	21	17 external stubs, 5 unresolved
SEL4/Object/Structures.lhs	33	34	12 external stubs, 8 unresolved
SEL4/Object/Structures/RISCV64.hs	13	13	4 external stubs, 3 unresolved
SEL4/Object/TCB.lhs	35	43	65 external stubs, 27 unresolved
SEL4/Object/TCB/RISCV64.hs	6	6	0 external stubs, 0 unresolved
SEL4/Object/Untyped.lhs	6	7	28 external stubs, 15 unresolved
TOTAL	649	684	58 modules
