id	module	function	type	args
1	Data_WordLib	wordBits	Int	
2	Data_WordLib	wordSize	Int	
3	Data_WordLib	wordRadix	Int	
4	API_Types_RISCV64	tcbBlockSizeBits	Int	
5	API_Types_Universal	epSizeBits	Int	
6	API_Types_Universal	ntfnSizeBits	Int	
7	API_Types_Universal	cteSizeBits	Int	
8	Config	minFreeSlots	Int	
9	Config	minSmallBlocks	Int	
10	Config	rootCNodeSize	Int	
11	Config	timeSlice	Int	
12	Config	numDomains	Int	
13	Config	numPriorities	Int	
14	Config	retypeFanOutLimit	Word	
15	Config	resetChunkBits	Int	
16	Kernel_Thread	invertL1Index	Int -> Int	0
17	Kernel_Thread	invertL1Index	Int -> Int	1
18	Kernel_Thread	invertL1Index	Int -> Int	2
19	Kernel_Thread	invertL1Index	Int -> Int	3
20	Kernel_Thread	invertL1Index	Int -> Int	8
21	Kernel_Thread	invertL1Index	Int -> Int	12
22	Kernel_Thread	invertL1Index	Int -> Int	31
23	Kernel_Thread	invertL1Index	Int -> Int	32
24	Kernel_Thread	prioToL1Index	Priority -> Int	0
25	Kernel_Thread	prioToL1Index	Priority -> Int	1
26	Kernel_Thread	prioToL1Index	Priority -> Int	2
27	Kernel_Thread	prioToL1Index	Priority -> Int	7
28	Kernel_Thread	prioToL1Index	Priority -> Int	255
29	Kernel_Thread	prioToL1Index	Priority -> Int	128
30	Kernel_Thread	prioToL1Index	Priority -> Int	158
31	Kernel_Thread	prioToL1Index	Priority -> Int	111
32	Kernel_Thread	l1IndexToPrio	Int -> Priority	0
33	Kernel_Thread	l1IndexToPrio	Int -> Priority	1
34	Kernel_Thread	l1IndexToPrio	Int -> Priority	2
35	Kernel_Thread	l1IndexToPrio	Int -> Priority	3
36	Kernel_Thread	l1IndexToPrio	Int -> Priority	8
37	Kernel_Thread	l1IndexToPrio	Int -> Priority	12
38	Kernel_Thread	l1IndexToPrio	Int -> Priority	31
39	Kernel_Thread	l1IndexToPrio	Int -> Priority	32
40	Kernel_VSpace_RISCV64	ipcBufferSizeBits	Int	
41	Kernel_VSpace_RISCV64	ptBitsLeft	Int -> Int	0
42	Kernel_VSpace_RISCV64	ptBitsLeft	Int -> Int	1
43	Kernel_VSpace_RISCV64	ptBitsLeft	Int -> Int	2
44	Kernel_VSpace_RISCV64	ptBitsLeft	Int -> Int	3
45	Kernel_VSpace_RISCV64	ptBitsLeft	Int -> Int	8
46	Kernel_VSpace_RISCV64	ptBitsLeft	Int -> Int	12
47	Kernel_VSpace_RISCV64	ptBitsLeft	Int -> Int	31
48	Kernel_VSpace_RISCV64	ptBitsLeft	Int -> Int	32
49	Kernel_VSpace_RISCV64	ptIndex	Int -> VPtr -> Word	0 0
50	Kernel_VSpace_RISCV64	ptIndex	Int -> VPtr -> Word	1 1
51	Kernel_VSpace_RISCV64	ptIndex	Int -> VPtr -> Word	2 2
52	Kernel_VSpace_RISCV64	ptIndex	Int -> VPtr -> Word	3 7
53	Kernel_VSpace_RISCV64	ptIndex	Int -> VPtr -> Word	8 4095
54	Kernel_VSpace_RISCV64	ptIndex	Int -> VPtr -> Word	12 4096
55	Kernel_VSpace_RISCV64	ptIndex	Int -> VPtr -> Word	31 18446744073709551615
56	Kernel_VSpace_RISCV64	ptIndex	Int -> VPtr -> Word	32 9223372036854775808
57	Kernel_VSpace_RISCV64	ptSlotIndex	Int -> PPtr PTE -> VPtr -> PPtr PTE	0 0 0
58	Kernel_VSpace_RISCV64	ptSlotIndex	Int -> PPtr PTE -> VPtr -> PPtr PTE	1 1 1
59	Kernel_VSpace_RISCV64	ptSlotIndex	Int -> PPtr PTE -> VPtr -> PPtr PTE	2 2 2
60	Kernel_VSpace_RISCV64	ptSlotIndex	Int -> PPtr PTE -> VPtr -> PPtr PTE	3 7 7
61	Kernel_VSpace_RISCV64	ptSlotIndex	Int -> PPtr PTE -> VPtr -> PPtr PTE	8 4095 4095
62	Kernel_VSpace_RISCV64	ptSlotIndex	Int -> PPtr PTE -> VPtr -> PPtr PTE	12 4096 4096
63	Kernel_VSpace_RISCV64	ptSlotIndex	Int -> PPtr PTE -> VPtr -> PPtr PTE	31 18446744073709551615 18446744073709551615
64	Kernel_VSpace_RISCV64	ptSlotIndex	Int -> PPtr PTE -> VPtr -> PPtr PTE	32 9223372036854775808 9223372036854775808
65	Machine_Hardware	pptrBaseOffset	Word	
66	Machine_Hardware	ptrFromPAddr	PAddr -> PPtr a	0
67	Machine_Hardware	ptrFromPAddr	PAddr -> PPtr a	1
68	Machine_Hardware	ptrFromPAddr	PAddr -> PPtr a	2
69	Machine_Hardware	ptrFromPAddr	PAddr -> PPtr a	7
70	Machine_Hardware	ptrFromPAddr	PAddr -> PPtr a	4095
71	Machine_Hardware	ptrFromPAddr	PAddr -> PPtr a	4096
72	Machine_Hardware	ptrFromPAddr	PAddr -> PPtr a	18446744073709551615
73	Machine_Hardware	ptrFromPAddr	PAddr -> PPtr a	9223372036854775808
74	Machine_Hardware	addrFromPPtr	PPtr a -> PAddr	0
75	Machine_Hardware	addrFromPPtr	PPtr a -> PAddr	1
76	Machine_Hardware	addrFromPPtr	PPtr a -> PAddr	2
77	Machine_Hardware	addrFromPPtr	PPtr a -> PAddr	7
78	Machine_Hardware	addrFromPPtr	PPtr a -> PAddr	4095
79	Machine_Hardware	addrFromPPtr	PPtr a -> PAddr	4096
80	Machine_Hardware	addrFromPPtr	PPtr a -> PAddr	18446744073709551615
81	Machine_Hardware	addrFromPPtr	PPtr a -> PAddr	9223372036854775808
82	Machine_Hardware	addrFromKPPtr	PPtr a -> PAddr	0
83	Machine_Hardware	addrFromKPPtr	PPtr a -> PAddr	1
84	Machine_Hardware	addrFromKPPtr	PPtr a -> PAddr	2
85	Machine_Hardware	addrFromKPPtr	PPtr a -> PAddr	7
86	Machine_Hardware	addrFromKPPtr	PPtr a -> PAddr	4095
87	Machine_Hardware	addrFromKPPtr	PPtr a -> PAddr	4096
88	Machine_Hardware	addrFromKPPtr	PPtr a -> PAddr	18446744073709551615
89	Machine_Hardware	addrFromKPPtr	PPtr a -> PAddr	9223372036854775808
90	Machine_Hardware	pageBits	Int	
91	Machine_Hardware	pageColourBits	Int	
92	Machine_Hardware	nullPointer	PPtr a	
93	Machine_Hardware	config_HAVE_FPU	Bool	
94	Machine_Hardware_RISCV64	fromPAddr	PAddr -> Word	0
95	Machine_Hardware_RISCV64	fromPAddr	PAddr -> Word	1
96	Machine_Hardware_RISCV64	fromPAddr	PAddr -> Word	2
97	Machine_Hardware_RISCV64	fromPAddr	PAddr -> Word	7
98	Machine_Hardware_RISCV64	fromPAddr	PAddr -> Word	4095
99	Machine_Hardware_RISCV64	fromPAddr	PAddr -> Word	4096
100	Machine_Hardware_RISCV64	fromPAddr	PAddr -> Word	18446744073709551615
101	Machine_Hardware_RISCV64	fromPAddr	PAddr -> Word	9223372036854775808
102	Machine_Hardware_RISCV64	paddrBase	PAddr	
103	Machine_Hardware_RISCV64	pptrBase	VPtr	
104	Machine_Hardware_RISCV64	pptrTop	VPtr	
105	Machine_Hardware_RISCV64	kernelELFPAddrBase	PAddr	
106	Machine_Hardware_RISCV64	kernelELFBase	VPtr	
107	Machine_Hardware_RISCV64	pptrUserTop	VPtr	
108	Machine_Hardware_RISCV64	ptrFromPAddr	PAddr -> PPtr a	0
109	Machine_Hardware_RISCV64	ptrFromPAddr	PAddr -> PPtr a	1
110	Machine_Hardware_RISCV64	ptrFromPAddr	PAddr -> PPtr a	2
111	Machine_Hardware_RISCV64	ptrFromPAddr	PAddr -> PPtr a	7
112	Machine_Hardware_RISCV64	ptrFromPAddr	PAddr -> PPtr a	4095
113	Machine_Hardware_RISCV64	ptrFromPAddr	PAddr -> PPtr a	4096
114	Machine_Hardware_RISCV64	ptrFromPAddr	PAddr -> PPtr a	18446744073709551615
115	Machine_Hardware_RISCV64	ptrFromPAddr	PAddr -> PPtr a	9223372036854775808
116	Machine_Hardware_RISCV64	addrFromPPtr	PPtr a -> PAddr	0
117	Machine_Hardware_RISCV64	addrFromPPtr	PPtr a -> PAddr	1
118	Machine_Hardware_RISCV64	addrFromPPtr	PPtr a -> PAddr	2
119	Machine_Hardware_RISCV64	addrFromPPtr	PPtr a -> PAddr	7
120	Machine_Hardware_RISCV64	addrFromPPtr	PPtr a -> PAddr	4095
121	Machine_Hardware_RISCV64	addrFromPPtr	PPtr a -> PAddr	4096
122	Machine_Hardware_RISCV64	addrFromPPtr	PPtr a -> PAddr	18446744073709551615
123	Machine_Hardware_RISCV64	addrFromPPtr	PPtr a -> PAddr	9223372036854775808
124	Machine_Hardware_RISCV64	addrFromKPPtr	PPtr a -> PAddr	0
125	Machine_Hardware_RISCV64	addrFromKPPtr	PPtr a -> PAddr	1
126	Machine_Hardware_RISCV64	addrFromKPPtr	PPtr a -> PAddr	2
127	Machine_Hardware_RISCV64	addrFromKPPtr	PPtr a -> PAddr	7
128	Machine_Hardware_RISCV64	addrFromKPPtr	PPtr a -> PAddr	4095
129	Machine_Hardware_RISCV64	addrFromKPPtr	PPtr a -> PAddr	4096
130	Machine_Hardware_RISCV64	addrFromKPPtr	PPtr a -> PAddr	18446744073709551615
131	Machine_Hardware_RISCV64	addrFromKPPtr	PPtr a -> PAddr	9223372036854775808
132	Machine_Hardware_RISCV64	pageBits	Int	
133	Machine_Hardware_RISCV64	ptTranslationBits	Int	
134	Machine_Hardware_RISCV64	pteBits	Int	
135	Machine_Hardware_RISCV64	ptBits	Int	
136	Machine_Hardware_RISCV64	pageColourBits	Int	
137	Machine_Hardware_RISCV64_HiFive	physBase	PAddr	
138	Machine_Hardware_RISCV64_HiFive	pageColourBits	Int	
139	Machine_RegisterSet_RISCV64	sstatusSPIE	Word	
140	Model_StateData_RISCV64	maxPTLevel	Int	
141	Object_ObjectType	badgeBits	Int	
142	Object_ObjectType_RISCV64	cteRightsBits	Int	
143	Object_ObjectType_RISCV64	cteGuardBits	Int	
144	Object_ObjectType_RISCV64	asidPoolBits	Int	
145	Object_Structures_RISCV64	minUntypedSizeBits	Int	
146	Object_Structures_RISCV64	maxUntypedSizeBits	Int	
147	Object_Structures_RISCV64	asidHighBits	Int	
148	Object_Structures_RISCV64	asidLowBits	Int	
149	Object_Structures_RISCV64	asidBits	Int	
150	Object_Structures_RISCV64	asidHighBitsOf	ASID -> ASID	0
151	Object_Structures_RISCV64	asidHighBitsOf	ASID -> ASID	1
152	Object_Structures_RISCV64	asidHighBitsOf	ASID -> ASID	2
153	Object_Structures_RISCV64	asidHighBitsOf	ASID -> ASID	7
154	Object_Structures_RISCV64	asidHighBitsOf	ASID -> ASID	4095
155	Object_Structures_RISCV64	asidHighBitsOf	ASID -> ASID	4096
156	Object_Structures_RISCV64	asidHighBitsOf	ASID -> ASID	18446744073709551615
157	Object_Structures_RISCV64	asidHighBitsOf	ASID -> ASID	9223372036854775808
158	Object_Structures_RISCV64	timeArgLen	Int	
